beijing,CN101010100
haidian,CN101010200
chaoyang,CN101010300
shunyi,CN101010400
huairou,CN101010500
tongzhou,CN101010600
changping,CN101010700
yanqing,CN101010800
fengtai,CN101010900
shijingshan,CN101011000
daxing,CN101011100
fangshan,CN101011200
miyun,CN101011300
mentougou,CN101011400
pinggu,CN101011500
dongcheng,CN101011600
xicheng,CN101011700
shanghai,CN101020100
minhang,CN101020200
baoshan,CN101020300
huangpu,CN101020400
jiading,CN101020500
pudongxinqu,CN101020600
jinshan,CN101020700
qingpu,CN101020800
songjiang,CN101020900
fengxian,CN101021000
chongming,CN101021100
xuhui,CN101021200
changning,CN101021300
jingan,CN101021400
putuo,CN101021500
hongkou,CN101021600
yangpu,CN101021700
tianjin,CN101030100
wuqing,CN101030200
baodi,CN101030300
dongli,CN101030400
xiqing,CN101030500
beichen,CN101030600
ninghe,CN101030700
heping,CN101030800
jinghai,CN101030900
jinnan,CN101031000
binhaixinqu,CN101031100
hedong,CN101031200
hexi,CN101031300
jizhou,CN101031400
nankai,CN101031500
hebei,CN101031600
hongqiao,CN101031700
chongqing,CN101040100
yongchuan,CN101040200
hechuan,CN101040300
nanchuan,CN101040400
jiangjin,CN101040500
yubei,CN101040700
beibei,CN101040800
banan,CN101040900
changshou,CN101041000
qianjiang,CN101041100
yuzhong,CN101041200
wanzhou,CN101041300
fuling,CN101041400
kaixian,CN101041500
chengkou,CN101041600
yunyang,CN101041700
wuxi,CN101041800
fengjie,CN101041900
wushan,CN101042000
tongnan,CN101042100
dianjiang,CN101042200
liangping,CN101042300
zhongxian,CN101042400
shizhu,CN101042500
dazu,CN101042600
rongchang,CN101042700
tongliang,CN101042800
bishan,CN101042900
fengdu,CN101043000
wulong,CN101043100
pengshui,CN101043200
qijiang,CN101043300
youyang,CN101043400
dadukou,CN101043500
xiushan,CN101043600
jiangbei,CN101043700
shapingba,CN101043800
jiulongpo,CN101043900
nanan,CN101044000
kaizhou,CN101044100
haerbin,CN101050101
shuangcheng,CN101050102
hulan,CN101050103
acheng,CN101050104
binxian,CN101050105
yilan,CN101050106
bayan,CN101050107
tonghe,CN101050108
fangzheng,CN101050109
yanshou,CN101050110
shangzhi,CN101050111
wuchang,CN101050112
mulan,CN101050113
daoli,CN101050114
nangang,CN101050115
daowai,CN101050116
pingfang,CN101050117
songbei,CN101050118
xiangfang,CN101050119
qiqihaer,CN101050201
nehe,CN101050202
longjiang,CN101050203
gannan,CN101050204
fuyu,CN101050205
yian,CN101050206
baiquan,CN101050207
keshan,CN101050208
kedong,CN101050209
tailai,CN101050210
longsha,CN101050211
jianhua,CN101050212
tiefeng,CN101050213
angangxi,CN101050214
fulaerji,CN101050215
nianzishan,CN101050216
meilisi,CN101050217
mudanjiang,CN101050301
hailin,CN101050302
muling,CN101050303
linkou,CN101050304
suifenhe,CN101050305
ningan,CN101050306
dongning,CN101050307
dongan,CN101050308
yangming,CN101050309
aimin,CN101050310
xian,CN101050311
jiamusi,CN101050401
tangyuan,CN101050402
fuyuan,CN101050403
huachuan,CN101050404
huanan,CN101050405
tongjiang,CN101050406
fujin,CN101050407
xiangyang,CN101050408
qianjin,CN101050409
dongfeng,CN101050410
jiaoqu,CN101050411
suihua,CN101050501
zhaodong,CN101050502
anda,CN101050503
hailun,CN101050504
mingshui,CN101050505
wangkui,CN101050506
lanxi,CN101050507
qinggang,CN101050508
qingan,CN101050509
suiling,CN101050510
beilin,CN101050511
heihe,CN101050601
nenjiang,CN101050602
sunwu,CN101050603
xunke,CN101050604
wudalianchi,CN101050605
beian,CN101050606
aihui,CN101050607
daxinganling,CN101050701
tahe,CN101050702
mohe,CN101050703
huma,CN101050704
yichun,CN101050801
wuyiling,CN101050802
wuying,CN101050803
tieli,CN101050804
jiayin,CN101050805
nancha,CN101050806
youhao,CN101050807
xilin,CN101050808
cuiluan,CN101050809
xinqing,CN101050810
meixi,CN101050811
jinshantun,CN101050812
wumahe,CN101050813
tangwanghe,CN101050814
dailing,CN101050815
hongxing,CN101050816
shangganling,CN101050817
daqing,CN101050901
lindian,CN101050902
zhaozhou,CN101050903
zhaoyuan,CN101050904
duerbote,CN101050905
saertu,CN101050906
longfeng,CN101050907
ranghulu,CN101050908
honggang,CN101050909
datong,CN101050910
xinxing,CN101051001
qitaihe,CN101051002
boli,CN101051003
taoshan,CN101051004
qiezihe,CN101051005
jixi,CN101051101
hulin,CN101051102
mishan,CN101051103
jidong,CN101051104
jiguan,CN101051105
hengshan,CN101051106
didao,CN101051107
lishu,CN101051108
chengzihe,CN101051109
mashan,CN101051110
hegang,CN101051201
suibin,CN101051202
luobei,CN101051203
xiangyang,CN101051204
gongnong,CN101051205
nanshan,CN101051206
xingan,CN101051207
dongshan,CN101051208
xingshan,CN101051209
shuangyashan,CN101051301
jixian,CN101051302
baoqing,CN101051303
raohe,CN101051304
youyi,CN101051305
jianshan,CN101051306
lingdong,CN101051307
sifangtai,CN101051308
baoshan,CN101051309
changchun,CN101060101
nongan,CN101060102
dehui,CN101060103
jiutai,CN101060104
yushu,CN101060105
shuangyang,CN101060106
erdao,CN101060107
nanguan,CN101060108
kuancheng,CN101060109
chaoyang,CN101060110
lvyuan,CN101060111
jilin,CN101060201
shulan,CN101060202
yongji,CN101060203
jiaohe,CN101060204
panshi,CN101060205
huadian,CN101060206
changyi,CN101060207
longtan,CN101060208
chuanying,CN101060209
fengman,CN101060210
yanji,CN101060301
dunhua,CN101060302
antu,CN101060303
wangqing,CN101060304
helong,CN101060305
yanbian,CN101060306
longjing,CN101060307
hunchun,CN101060308
tumen,CN101060309
siping,CN101060401
shuangliao,CN101060402
lishu,CN101060403
gongzhuling,CN101060404
yitong,CN101060405
tiexi,CN101060406
tiedong,CN101060407
tonghua,CN101060501
meihekou,CN101060502
liuhe,CN101060503
huinan,CN101060504
jian,CN101060505
tonghuaxian,CN101060506
dongchang,CN101060507
erdaojiang,CN101060508
baicheng,CN101060601
taonan,CN101060602
daan,CN101060603
zhenlai,CN101060604
tongyu,CN101060605
taobei,CN101060606
liaoyuan,CN101060701
dongfeng,CN101060702
dongliao,CN101060703
longshan,CN101060704
xian,CN101060705
songyuan,CN101060801
qianan,CN101060802
qianguo,CN101060803
changling,CN101060804
fuyu,CN101060805
ningjiang,CN101060806
baishan,CN101060901
jingyu,CN101060902
linjiang,CN101060903
changbai,CN101060905
fusong,CN101060906
jiangyuan,CN101060907
hunjiang,CN101060908
shenyang,CN101070101
hunnan,CN101070102
liaozhong,CN101070103
kangping,CN101070104
faku,CN101070105
xinmin,CN101070106
heping,CN101070107
shenhe,CN101070108
dadong,CN101070109
huanggu,CN101070110
tiexi,CN101070111
sujiatun,CN101070112
shenbeixinqu,CN101070113
yuhong,CN101070114
dongling,CN101070115
dalian,CN101070201
wafangdian,CN101070202
jinzhou,CN101070203
pulandian,CN101070204
lvshun,CN101070205
changhai,CN101070206
zhuanghe,CN101070207
zhongshan,CN101070208
xigang,CN101070209
shahekou,CN101070210
ganjingzi,CN101070211
anshan,CN101070301
taian,CN101070302
xiuyan,CN101070303
haicheng,CN101070304
tiedong,CN101070305
tiexi,CN101070306
lishan,CN101070307
qianshan,CN101070308
fushun,CN101070401
xinbin,CN101070402
qingyuan,CN101070403
xinfu,CN101070405
dongzhou,CN101070406
wanghua,CN101070407
shuncheng,CN101070408
benxi,CN101070501
benxixian,CN101070502
pingshan,CN101070503
huanren,CN101070504
xihu,CN101070505
mingshan,CN101070506
nanfen,CN101070507
dandong,CN101070601
fengcheng,CN101070602
kuandian,CN101070603
donggang,CN101070604
yuanbao,CN101070605
zhenxing,CN101070606
zhenan,CN101070607
jinzhou,CN101070701
linghai,CN101070702
guta,CN101070703
yixian,CN101070704
heishan,CN101070705
beizhen,CN101070706
linghe,CN101070707
taihe,CN101070708
yingkou,CN101070801
dashiqiao,CN101070802
gaizhou,CN101070803
zhanqian,CN101070804
xishi,CN101070805
bayuquan,CN101070806
laobian,CN101070807
fuxin,CN101070901
zhangwu,CN101070902
haizhou,CN101070903
xinqiu,CN101070904
taiping,CN101070905
qinghemen,CN101070906
xihe,CN101070907
liaoyang,CN101071001
liaoyangxian,CN101071002
dengta,CN101071003
gongchangling,CN101071004
baita,CN101071005
wensheng,CN101071006
hongwei,CN101071007
taizihe,CN101071008
tieling,CN101071101
kaiyuan,CN101071102
changtu,CN101071103
xifeng,CN101071104
tiefa,CN101071105
yinzhou,CN101071106
qinghe,CN101071107
chaoyang,CN101071201
shuangta,CN101071202
lingyuan,CN101071203
kazuo,CN101071204
beipiao,CN101071205
longcheng,CN101071206
jianpingxian,CN101071207
panjin,CN101071301
dawa,CN101071302
panshan,CN101071303
shuangtaizi,CN101071304
xinglongtai,CN101071305
huludao,CN101071401
jianchang,CN101071402
suizhong,CN101071403
xingcheng,CN101071404
lianshan,CN101071405
longgang,CN101071406
nanpiao,CN101071407
huhehaote,CN101080101
tuzuoqi,CN101080102
tuoxian,CN101080103
helin,CN101080104
qingshuihe,CN101080105
saihan,CN101080106
wuchuan,CN101080107
xincheng,CN101080108
huimin,CN101080109
yuquan,CN101080110
baotou,CN101080201
baiyunebo,CN101080202
tuyouqi,CN101080204
guyang,CN101080205
damaoqi,CN101080206
donghe,CN101080208
kundoulun,CN101080209
qingshan,CN101080210
shiguai,CN101080211
jiuyuan,CN101080212
wuhai,CN101080301
haibowan,CN101080302
hainan,CN101080303
wuda,CN101080304
jining,CN101080401
zhuozi,CN101080402
huade,CN101080403
shangdu,CN101080404
wulanchabu,CN101080405
xinghe,CN101080406
liangcheng,CN101080407
chayouqianqi,CN101080408
chayouzhongqi,CN101080409
chayouhouqi,CN101080410
siziwangqi,CN101080411
fengzhen,CN101080412
tongliao,CN101080501
kezuozhongqi,CN101080503
kezuohouqi,CN101080504
kailu,CN101080506
kulun,CN101080507
naiman,CN101080508
zhalute,CN101080509
keerqin,CN101080510
huolinguole,CN101080512
chifeng,CN101080601
hongshan,CN101080602
aluqi,CN101080603
balinzuoqi,CN101080605
balinyouqi,CN101080606
linxi,CN101080607
keshiketeng,CN101080608
wengniute,CN101080609
kalaqin,CN101080611
ningcheng,CN101080613
aohan,CN101080614
yuanbaoshan,CN101080616
songshan,CN101080617
eerduosi,CN101080701
dalate,CN101080703
zhungeer,CN101080704
eqianqi,CN101080705
etuoke,CN101080708
hangjinqi,CN101080709
wushenqi,CN101080710
yijinhuoluo,CN101080711
dongsheng,CN101080713
linhe,CN101080801
wuyuan,CN101080802
dengkou,CN101080803
wuqianqi,CN101080804
wuzhongqi,CN101080806
wuhouqi,CN101080807
hangjinhouqi,CN101080810
bayannaoer,CN101080811
xilinhaote,CN101080901
xilinguole,CN101080902
erlianhaote,CN101080903
abaga,CN101080904
suzuoqi,CN101080906
suyouqi,CN101080907
dongwuqi,CN101080909
xiwuqi,CN101080910
taipusiqi,CN101080911
xianghuang,CN101080912
zhengxiangbaiqi,CN101080913
zhenglanqi,CN101080914
duolun,CN101080915
hailaer,CN101081001
arongqi,CN101081003
molidawa,CN101081004
elunchunqi,CN101081005
ewenkeqi,CN101081006
chenqi,CN101081007
xinzuoqi,CN101081008
xinyouqi,CN101081009
manzhouli,CN101081010
yakeshi,CN101081011
zhalantun,CN101081012
hulunbeier,CN101081013
eerguna,CN101081014
genhe,CN101081015
zhalainuoer,CN101081017
wulanhaote,CN101081101
aershan,CN101081102
keyouzhongqi,CN101081103
zhanlaite,CN101081105
tuquan,CN101081107
xinganmeng,CN101081108
keyouqianqi,CN101081109
azuoqi,CN101081201
ayouqi,CN101081202
ejina,CN101081203
alashanmeng,CN101081213
shijiazhuang,CN101090101
jingxing,CN101090102
zhengding,CN101090103
luancheng,CN101090104
xingtang,CN101090105
lingshou,CN101090106
gaoyi,CN101090107
shenze,CN101090108
zanhuang,CN101090109
wuji,CN101090110
pingshan,CN101090111
yuanshi,CN101090112
zhaoxian,CN101090113
xinji,CN101090114
gaocheng,CN101090115
jinzhou,CN101090116
xinle,CN101090117
luquan,CN101090118
changan,CN101090119
qiaoxi,CN101090120
xinhua,CN101090121
jingxingkuangqu,CN101090122
yuhua,CN101090123
baoding,CN101090201
mancheng,CN101090202
fuping,CN101090203
xushui,CN101090204
tangxian,CN101090205
gaoyang,CN101090206
rongcheng,CN101090207
jingxiu,CN101090208
laiyuan,CN101090209
wangdu,CN101090210
anxin,CN101090211
yixian,CN101090212
lianchi,CN101090213
quyang,CN101090214
lixian,CN101090215
shunping,CN101090216
xiongxian,CN101090217
zhuozhou,CN101090218
dingzhou,CN101090219
anguo,CN101090220
gaobeidian,CN101090221
laishui,CN101090222
dingxing,CN101090223
qingyuan,CN101090224
boye,CN101090225
nanshi,CN101090226
zhangjiakou,CN101090301
xuanhua,CN101090302
zhangbei,CN101090303
kangbao,CN101090304
guyuan,CN101090305
shangyi,CN101090306
yuxian,CN101090307
yangyuan,CN101090308
huaian,CN101090309
wanquan,CN101090310
huailai,CN101090311
zhuolu,CN101090312
chicheng,CN101090313
chongli,CN101090314
qiaodong,CN101090315
qiaoxi,CN101090316
xiahuayuan,CN101090317
shuangqiao,CN101090401
chengde,CN101090402
chengdexian,CN101090403
xinglong,CN101090404
pingquan,CN101090405
luanping,CN101090406
longhua,CN101090407
fengning,CN101090408
kuancheng,CN101090409
weichang,CN101090410
shuangluan,CN101090411
yingshouyingzikuang,CN101090412
tangshan,CN101090501
fengnan,CN101090502
fengrun,CN101090503
luanxian,CN101090504
luannan,CN101090505
leting,CN101090506
qianxi,CN101090507
yutian,CN101090508
caofeidian,CN101090509
zunhua,CN101090510
qianan,CN101090511
lunan,CN101090513
lubei,CN101090514
guye,CN101090515
kaiping,CN101090516
langfang,CN101090601
guan,CN101090602
yongqing,CN101090603
xianghe,CN101090604
dacheng,CN101090605
wenan,CN101090606
dachang,CN101090607
bazhou,CN101090608
sanhe,CN101090609
anci,CN101090610
guangyang,CN101090611
cangzhou,CN101090701
qingxian,CN101090702
dongguang,CN101090703
haixing,CN101090704
yanshan,CN101090705
suning,CN101090706
nanpi,CN101090707
wuqiao,CN101090708
xianxian,CN101090709
mengcun,CN101090710
botou,CN101090711
renqiu,CN101090712
huanghua,CN101090713
hejian,CN101090714
xinhua,CN101090715
cangxian,CN101090716
yunhe,CN101090717
hengshui,CN101090801
zaoqiang,CN101090802
wuyi,CN101090803
wuqiang,CN101090804
raoyang,CN101090805
anping,CN101090806
gucheng,CN101090807
jingxian,CN101090808
fucheng,CN101090809
jizhou,CN101090810
shenzhou,CN101090811
taocheng,CN101090812
xingtai,CN101090901
lincheng,CN101090902
qiaodong,CN101090903
neiqiu,CN101090904
baixiang,CN101090905
longyao,CN101090906
nanhe,CN101090907
ningjin,CN101090908
julu,CN101090909
xinhe,CN101090910
guangzong,CN101090911
pingxiang,CN101090912
weixian,CN101090913
qinghe,CN101090914
linxi,CN101090915
nangong,CN101090916
shahe,CN101090917
renxian,CN101090918
qiaoxi,CN101090919
handan,CN101091001
fengfeng,CN101091002
linzhang,CN101091003
chengan,CN101091004
daming,CN101091005
shexian,CN101091006
cixian,CN101091007
feixiang,CN101091008
yongnian,CN101091009
qiuxian,CN101091010
jize,CN101091011
guangping,CN101091012
guantao,CN101091013
weixian,CN101091014
quzhou,CN101091015
wuan,CN101091016
hanshan,CN101091017
congtai,CN101091018
fuxing,CN101091019
qinhuangdao,CN101091101
qinglong,CN101091102
changli,CN101091103
funing,CN101091104
lulong,CN101091105
beidaihe,CN101091106
haigang,CN101091107
shanhaiguan,CN101091108
taiyuan,CN101100101
qingxu,CN101100102
yangqu,CN101100103
loufan,CN101100104
gujiao,CN101100105
jiancaopingqu,CN101100106
xiaodianqu,CN101100107
yingze,CN101100108
xinghualing,CN101100109
wanbailin,CN101100110
jinyuan,CN101100111
datong,CN101100201
yanggao,CN101100202
datongxian,CN101100203
tianzhen,CN101100204
guangling,CN101100205
lingqiu,CN101100206
hunyuan,CN101100207
zuoyun,CN101100208
kuangqu,CN101100209
nanjiao,CN101100210
xinrong,CN101100211
yangquan,CN101100301
yuxian,CN101100302
pingding,CN101100303
kuangqu,CN101100304
jiaoqu,CN101100305
jinzhong,CN101100401
yuci,CN101100402
yushe,CN101100403
zuoquan,CN101100404
heshun,CN101100405
xiyang,CN101100406
shouyang,CN101100407
taigu,CN101100408
qixian,CN101100409
pingyao,CN101100410
lingshi,CN101100411
jiexiu,CN101100412
changzhi,CN101100501
licheng,CN101100502
tunliu,CN101100503
lucheng,CN101100504
xiangyuan,CN101100505
pingshun,CN101100506
wuxiang,CN101100507
qinxian,CN101100508
zhangzi,CN101100509
qinyuan,CN101100510
huguan,CN101100511
jiaoqu,CN101100512
jincheng,CN101100601
qinshui,CN101100602
yangcheng,CN101100603
lingchuan,CN101100604
gaoping,CN101100605
zezhou,CN101100606
linfen,CN101100701
quwo,CN101100702
yonghe,CN101100703
xixian,CN101100704
daning,CN101100705
jixian,CN101100706
xiangfen,CN101100707
puxian,CN101100708
fenxi,CN101100709
hongtong,CN101100710
huozhou,CN101100711
xiangning,CN101100712
yicheng,CN101100713
houma,CN101100714
fushan,CN101100715
anze,CN101100716
guxian,CN101100717
yaodou,CN101100718
yuncheng,CN101100801
linyi,CN101100802
jishan,CN101100803
wanrong,CN101100804
hejin,CN101100805
xinjiang,CN101100806
jiangxian,CN101100807
wenxi,CN101100808
yuanqu,CN101100809
yongji,CN101100810
ruicheng,CN101100811
xiaxian,CN101100812
pinglu,CN101100813
yanhu,CN101100814
shuozhou,CN101100901
pinglu,CN101100902
shanyin,CN101100903
youyu,CN101100904
yingxian,CN101100905
huairen,CN101100906
shuocheng,CN101100907
xinzhou,CN101101001
dingxiang,CN101101002
wutaixian,CN101101003
hequ,CN101101004
pianguan,CN101101005
shenchi,CN101101006
ningwu,CN101101007
daixian,CN101101008
fanshi,CN101101009
bode,CN101101011
jingle,CN101101012
kelan,CN101101013
wuzhai,CN101101014
yuanping,CN101101015
xinfu,CN101101016
lvliang,CN101101100
lishi,CN101101101
linxian,CN101101102
xingxian,CN101101103
lanxian,CN101101104
liulin,CN101101105
shilou,CN101101106
fangshan,CN101101107
jiaokou,CN101101108
zhongyang,CN101101109
xiaoyi,CN101101110
fenyang,CN101101111
wenshui,CN101101112
jiaocheng,CN101101113
xian,CN101110101
changan,CN101110102
lintong,CN101110103
lantian,CN101110104
zhouzhi,CN101110105
huxian,CN101110106
gaoling,CN101110107
xincheng,CN101110108
beilin,CN101110109
lianhu,CN101110110
baqiao,CN101110111
weiyang,CN101110112
yanta,CN101110113
yanliang,CN101110114
xianyang,CN101110200
sanyuan,CN101110201
liquan,CN101110202
yongshou,CN101110203
chunhua,CN101110204
jingyang,CN101110205
wugong,CN101110206
qianxian,CN101110207
binxian,CN101110208
changwu,CN101110209
xunyi,CN101110210
xingping,CN101110211
qindou,CN101110212
weicheng,CN101110213
yanan,CN101110300
yanchang,CN101110301
yanchuan,CN101110302
zichang,CN101110303
yichuan,CN101110304
fuxian,CN101110305
zhidan,CN101110306
ansai,CN101110307
ganquan,CN101110308
luochuan,CN101110309
huangling,CN101110310
huanglong,CN101110311
wuqi,CN101110312
baota,CN101110313
yulin,CN101110401
fugu,CN101110402
shenmu,CN101110403
jiaxian,CN101110404
dingbian,CN101110405
jingbian,CN101110406
hengshan,CN101110407
mizhi,CN101110408
zizhou,CN101110409
suide,CN101110410
wubu,CN101110411
qingjian,CN101110412
yuyang,CN101110413
weinan,CN101110501
huaxian,CN101110502
tongguan,CN101110503
dali,CN101110504
baishui,CN101110505
fuping,CN101110506
pucheng,CN101110507
chengcheng,CN101110508
heyang,CN101110509
hancheng,CN101110510
huayin,CN101110511
linwei,CN101110512
huazhou,CN101110513
shangluo,CN101110601
luonan,CN101110602
zhashui,CN101110603
shangzhou,CN101110604
zhenan,CN101110605
danfeng,CN101110606
shangnan,CN101110607
shanyang,CN101110608
ankang,CN101110701
ziyang,CN101110702
shiquan,CN101110703
hanyin,CN101110704
xunyang,CN101110705
langao,CN101110706
pingli,CN101110707
baihe,CN101110708
zhenping,CN101110709
ningshan,CN101110710
hanbin,CN101110711
hanzhong,CN101110801
lueyang,CN101110802
mianxian,CN101110803
liuba,CN101110804
yangxian,CN101110805
chenggu,CN101110806
xixiang,CN101110807
fuoping,CN101110808
ningqiang,CN101110809
nanzheng,CN101110810
zhenba,CN101110811
hantai,CN101110812
baoji,CN101110901
weibin,CN101110902
qianyang,CN101110903
linyou,CN101110904
qishan,CN101110905
fengxiang,CN101110906
fufeng,CN101110907
meixian,CN101110908
taibai,CN101110909
fengxian,CN101110910
longxian,CN101110911
chencang,CN101110912
jintai,CN101110913
tongchuan,CN101111001
yijun,CN101111003
yaozhou,CN101111004
wangyi,CN101111005
yintai,CN101111006
yangling,CN101111101
yangling,CN101111102
jinan,CN101120101
changqing,CN101120102
shanghe,CN101120103
zhangqiu,CN101120104
pingyin,CN101120105
jiyang,CN101120106
lixia,CN101120107
shizhong,CN101120108
huaiyin,CN101120109
tianqiao,CN101120110
licheng,CN101120111
qingdao,CN101120201
laoshan,CN101120202
shinan,CN101120203
jimo,CN101120204
jiaozhou,CN101120205
huangdao,CN101120206
laixi,CN101120207
pingdu,CN101120208
shibei,CN101120209
licang,CN101120210
chengyang,CN101120211
zibo,CN101120301
zichuan,CN101120302
boshan,CN101120303
gaoqing,CN101120304
zhoucun,CN101120305
yiyuan,CN101120306
huantai,CN101120307
linzi,CN101120308
zhangdian,CN101120309
dezhou,CN101120401
wucheng,CN101120402
linyi,CN101120403
qihe,CN101120405
leling,CN101120406
qingyun,CN101120407
pingyuan,CN101120408
ningjin,CN101120409
xiajin,CN101120410
yucheng,CN101120411
decheng,CN101120412
lingcheng,CN101120413
yantai,CN101120501
laizhou,CN101120502
changdao,CN101120503
penglai,CN101120504
longkou,CN101120505
zhaoyuan,CN101120506
qixia,CN101120507
fushan,CN101120508
moup,CN101120509
laiyang,CN101120510
haiyang,CN101120511
zhifu,CN101120512
laishan,CN101120513
weifang,CN101120601
qingzhou,CN101120602
shouguang,CN101120603
linqu,CN101120604
changle,CN101120605
changyi,CN101120606
anqiu,CN101120607
gaomi,CN101120608
zhucheng,CN101120609
weicheng,CN101120610
hanting,CN101120611
fangzi,CN101120612
kuiwen,CN101120613
jining,CN101120701
jiaxiang,CN101120702
weishan,CN101120703
yutai,CN101120704
yanzhou,CN101120705
jinxiang,CN101120706
wenshang,CN101120707
sishui,CN101120708
liangshan,CN101120709
qufu,CN101120710
zoucheng,CN101120711
rencheng,CN101120712
taian,CN101120801
xintai,CN101120802
taishan,CN101120803
feicheng,CN101120804
dongping,CN101120805
ningyang,CN101120806
daiyue,CN101120807
linyi,CN101120901
junan,CN101120902
yinan,CN101120903
lanling,CN101120904
linshu,CN101120905
tancheng,CN101120906
mengyin,CN101120907
pingyi,CN101120908
feixian,CN101120909
yishui,CN101120910
lanshan,CN101120911
luozhuang,CN101120912
hedong,CN101120913
heze,CN101121001
juancheng,CN101121002
yuncheng,CN101121003
dongming,CN101121004
dingtao,CN101121005
juye,CN101121006
caoxian,CN101121007
chengwu,CN101121008
shanxian,CN101121009
mudan,CN101121010
binzhou,CN101121101
boxing,CN101121102
wudi,CN101121103
yangxin,CN101121104
huimin,CN101121105
zhanhua,CN101121106
zouping,CN101121107
bincheng,CN101121108
dongying,CN101121201
hekou,CN101121202
kenli,CN101121203
lijin,CN101121204
guangrao,CN101121205
weihai,CN101121301
wendeng,CN101121302
rongcheng,CN101121303
rushan,CN101121304
huancui,CN101121307
zaozhuang,CN101121401
xuecheng,CN101121402
yicheng,CN101121403
taierzhuang,CN101121404
tengzhou,CN101121405
shizhong,CN101121406
shanting,CN101121407
rizhao,CN101121501
wulian,CN101121502
juxian,CN101121503
donggang,CN101121504
lanshan,CN101121505
laiwu,CN101121601
laicheng,CN101121602
gangcheng,CN101121603
liaocheng,CN101121701
guanxian,CN101121702
yanggu,CN101121703
gaotang,CN101121704
chiping,CN101121705
donge,CN101121706
linqing,CN101121707
dongchangfu,CN101121708
shenxian,CN101121709
wulumuqi,CN101130101
tianshan,CN101130102
shayibake,CN101130104
dabancheng,CN101130105
xinshi,CN101130106
shuimogou,CN101130107
toutunhe,CN101130111
midong,CN101130112
wulumuqixian,CN101130113
kelamayi,CN101130201
wuerhe,CN101130202
baijiantan,CN101130203
dushanzi,CN101130204
shihezi,CN101130301
changji,CN101130401
hutubi,CN101130402
fukang,CN101130404
jimusaer,CN101130405
qitai,CN101130406
manasi,CN101130407
mulei,CN101130408
tulufan,CN101130501
tuokexun,CN101130502
gaochang,CN101130503
shanshan,CN101130504
kuerle,CN101130601
luntai,CN101130602
yuli,CN101130603
ruoqiang,CN101130604
qiemo,CN101130605
hejing,CN101130606
yanqi,CN101130607
shuo,CN101130608
bayinguoleng,CN101130609
bohu,CN101130612
alaer,CN101130701
akesu,CN101130801
wushi,CN101130802
wensu,CN101130803
baicheng,CN101130804
xinhe,CN101130805
shaya,CN101130806
kuche,CN101130807
keping,CN101130808
awati,CN101130809
kashi,CN101130901
yingjisha,CN101130902
tashikuergan,CN101130903
maigaiti,CN101130904
shache,CN101130905
yecheng,CN101130906
zepu,CN101130907
bachu,CN101130908
yuepuhu,CN101130909
jiashi,CN101130910
shufu,CN101130911
shule,CN101130912
yining,CN101131001
chabuchaer,CN101131002
nileke,CN101131003
yiningxian,CN101131004
gongliu,CN101131005
xinyuan,CN101131006
zhaosu,CN101131007
tekesi,CN101131008
huocheng,CN101131009
huoerguosi,CN101131010
kuitunshi,CN101131011
yili,CN101131012
tacheng,CN101131101
yumin,CN101131102
emin,CN101131103
hebukesaier,CN101131104
tuoli,CN101131105
wusu,CN101131106
shawan,CN101131107
hami,CN101131201
yizhou,CN101131202
balikun,CN101131203
yiwu,CN101131204
hetian,CN101131301
pishan,CN101131302
cele,CN101131303
moyu,CN101131304
luopu,CN101131305
minfeng,CN101131306
yutian,CN101131307
aletai,CN101131401
habahe,CN101131402
jimunai,CN101131405
buerjin,CN101131406
fuhai,CN101131407
fuyun,CN101131408
qinghe,CN101131409
beitun,CN101131410
shuanghe,CN101131412
kekedala,CN101131413
atushi,CN101131501
wuqia,CN101131502
aketao,CN101131503
aheqi,CN101131504
kezhou,CN101131505
bole,CN101131601
wenquan,CN101131602
jinghe,CN101131603
boertala,CN101131604
alashankou,CN101131606
tumushuke,CN101131701
wujiaqu,CN101131801
tiemenguan,CN101131901
lasa,CN101140101
dangxiong,CN101140102
nimu,CN101140103
linzhou,CN101140104
duilongdeqing,CN101140105
qushui,CN101140106
dazi,CN101140107
mozhugongka,CN101140108
chengguan,CN101140109
rikaze,CN101140201
lazi,CN101140202
nanmulin,CN101140203
nielamu,CN101140204
anri,CN101140205
jiangzi,CN101140206
zhongba,CN101140208
saga,CN101140209
jilong,CN101140210
angren,CN101140211
dingjie,CN101140212
sajia,CN101140213
xietongmen,CN101140214
sangzhuzi,CN101140215
gangba,CN101140216
bailang,CN101140217
yadong,CN101140218
kangma,CN101140219
renbu,CN101140220
shannan,CN101140301
gongga,CN101140302
zhanang,CN101140303
jiacha,CN101140304
langkazi,CN101140305
cuona,CN101140306
longzi,CN101140307
naidong,CN101140309
sangri,CN101140310
luozha,CN101140311
cuomei,CN101140312
qiongjie,CN101140313
qusong,CN101140314
linzhi,CN101140401
bomi,CN101140402
milin,CN101140403
chayu,CN101140404
gongbujiangda,CN101140405
langxian,CN101140406
motuo,CN101140407
bayi,CN101140408
changdu,CN101140501
dingqing,CN101140502
bianba,CN101140503
luolong,CN101140504
zuogong,CN101140505
mangkang,CN101140506
leiwuqi,CN101140507
basu,CN101140508
jiangda,CN101140509
chaya,CN101140510
gongjue,CN101140511
karuo,CN101140512
naqu,CN101140601
nima,CN101140602
jiali,CN101140603
bange,CN101140604
anduo,CN101140605
suoxian,CN101140606
nierong,CN101140607
baqing,CN101140608
biru,CN101140609
shuanghu,CN101140610
shenza,CN101140611
ali,CN101140701
gaize,CN101140702
pulan,CN101140705
zhada,CN101140706
gaer,CN101140707
ritu,CN101140708
geji,CN101140709
cuoqin,CN101140710
xining,CN101150101
datong,CN101150102
huangyuan,CN101150103
huangzhong,CN101150104
chengdong,CN101150105
chengzhong,CN101150106
chengxi,CN101150107
chengbei,CN101150108
pingan,CN101150201
ledu,CN101150202
minhe,CN101150203
huzhu,CN101150204
hualong,CN101150205
xunhua,CN101150206
haidong,CN101150207
tongren,CN101150301
jianzha,CN101150302
zeku,CN101150303
henan,CN101150304
huangnan,CN101150305
gonghe,CN101150401
hainan,CN101150402
guide,CN101150404
xinghai,CN101150406
guinan,CN101150407
tongde,CN101150408
maqin,CN101150501
banma,CN101150502
gande,CN101150503
dari,CN101150504
jiuzhi,CN101150505
madu,CN101150506
guoluo,CN101150507
yushu,CN101150601
chenduo,CN101150602
zhiduo,CN101150603
zaduo,CN101150604
nangqian,CN101150605
qumacai,CN101150606
delingha,CN101150701
haixi,CN101150702
tianjun,CN101150708
wulan,CN101150709
mangai,CN101150712
dachaidan,CN101150713
geermu,CN101150714
dulan,CN101150715
lenghu,CN101150716
haiyan,CN101150801
menyuan,CN101150802
qilian,CN101150803
haibei,CN101150804
gangcha,CN101150806
lanzhou,CN101160101
gaolan,CN101160102
yongdeng,CN101160103
yuzhong,CN101160104
chengguan,CN101160105
qilihe,CN101160106
xigu,CN101160107
anning,CN101160108
honggu,CN101160109
dingxi,CN101160201
tongwei,CN101160202
longxi,CN101160203
weiyuan,CN101160204
lintao,CN101160205
zhangxian,CN101160206
minxian,CN101160207
anding,CN101160208
pingliang,CN101160301
jingchuan,CN101160302
lingtai,CN101160303
chongxin,CN101160304
huating,CN101160305
zhuanglang,CN101160306
jingning,CN101160307
kongtong,CN101160308
qingyang,CN101160401
xifeng,CN101160402
huanxian,CN101160403
huachi,CN101160404
heshui,CN101160405
zhengning,CN101160406
ningxian,CN101160407
zhenyuan,CN101160408
qingcheng,CN101160409
wuwei,CN101160501
minqin,CN101160502
gulang,CN101160503
liangzhou,CN101160504
tianzhu,CN101160505
jinchang,CN101160601
yongchang,CN101160602
jinchuan,CN101160603
zhangye,CN101160701
sunan,CN101160702
minle,CN101160703
linze,CN101160704
gaotai,CN101160705
shandan,CN101160706
ganzhou,CN101160707
jiuquan,CN101160801
suzhou,CN101160802
jinta,CN101160803
akesai,CN101160804
guazhou,CN101160805
subei,CN101160806
yumen,CN101160807
dunhuang,CN101160808
tianshui,CN101160901
qinzhou,CN101160902
qingshui,CN101160903
qinan,CN101160904
gangu,CN101160905
wushan,CN101160906
zhangjiachuan,CN101160907
maiji,CN101160908
wudu,CN101161001
chengxian,CN101161002
wenxian,CN101161003
dangchang,CN101161004
kangxian,CN101161005
xihe,CN101161006
lixian,CN101161007
huixian,CN101161008
liangdang,CN101161009
longnan,CN101161010
linxia,CN101161101
kangle,CN101161102
yongjing,CN101161103
guanghe,CN101161104
hezheng,CN101161105
dongxiang,CN101161106
jishishan,CN101161107
hezuo,CN101161201
lintan,CN101161202
zhuoni,CN101161203
zhouqu,CN101161204
diebu,CN101161205
maqu,CN101161206
luqu,CN101161207
xiahe,CN101161208
gannan,CN101161209
baiyin,CN101161301
jingyuan,CN101161302
huining,CN101161303
pingchuan,CN101161304
jingtai,CN101161305
jiayuguan,CN101161401
yinchuan,CN101170101
yongning,CN101170102
lingwu,CN101170103
helan,CN101170104
xingqing,CN101170105
xixia,CN101170106
jinfeng,CN101170107
shizuishan,CN101170201
huinong,CN101170202
pingluo,CN101170203
dawukou,CN101170205
wuzhong,CN101170301
tongxin,CN101170302
yanchi,CN101170303
litong,CN101170304
hongsibao,CN101170305
qingtongxia,CN101170306
guyuan,CN101170401
xiji,CN101170402
longde,CN101170403
jinyuan,CN101170404
yuanzhou,CN101170405
pengyang,CN101170406
zhongwei,CN101170501
zhongning,CN101170502
shapotou,CN101170503
haiyuan,CN101170504
zhengzhou,CN101180101
gongyi,CN101180102
xingyang,CN101180103
dengfeng,CN101180104
xinmi,CN101180105
xinzheng,CN101180106
zhongmou,CN101180107
shangjie,CN101180108
zhongyuan,CN101180109
erqi,CN101180110
guancheng,CN101180111
jinshui,CN101180112
huiji,CN101180113
anyang,CN101180201
tangyin,CN101180202
huaxian,CN101180203
neihuang,CN101180204
linzhou,CN101180205
wenfeng,CN101180206
beiguan,CN101180207
yindou,CN101180208
longan,CN101180209
xinxiang,CN101180301
huojia,CN101180302
yuanyang,CN101180303
huixian,CN101180304
weihui,CN101180305
yanjin,CN101180306
fengqiu,CN101180307
changyuan,CN101180308
hongqi,CN101180309
weibin,CN101180310
fengquan,CN101180311
muye,CN101180312
xuchang,CN101180401
yanling,CN101180402
xiangcheng,CN101180403
changge,CN101180404
yuzhou,CN101180405
weidou,CN101180406
pingdingshan,CN101180501
jiaxian,CN101180502
baofeng,CN101180503
ruzhou,CN101180504
yexian,CN101180505
wugang,CN101180506
lushan,CN101180507
shilong,CN101180508
xinhua,CN101180509
weidong,CN101180510
zhanhe,CN101180511
xinyang,CN101180601
xixian,CN101180602
luoshan,CN101180603
guangshan,CN101180604
xinxian,CN101180605
huaibin,CN101180606
huangchuan,CN101180607
gushi,CN101180608
shangcheng,CN101180609
shihe,CN101180610
pingqiao,CN101180611
nanyang,CN101180701
nanzhao,CN101180702
fangcheng,CN101180703
sheqi,CN101180704
xixia,CN101180705
neixiang,CN101180706
zhenping,CN101180707
xichuan,CN101180708
xinye,CN101180709
tanghe,CN101180710
dengzhou,CN101180711
tongbai,CN101180712
wancheng,CN101180713
wolong,CN101180714
kaifeng,CN101180801
qixian,CN101180802
weishi,CN101180803
tongxu,CN101180804
lankao,CN101180805
longting,CN101180806
shunhe,CN101180807
gulou,CN101180808
yuwangtai,CN101180809
xiangfu,CN101180810
luoyang,CN101180901
xinan,CN101180902
mengjin,CN101180903
yiyang,CN101180904
luoning,CN101180905
yichuan,CN101180906
songxian,CN101180907
yanshi,CN101180908
luanchuan,CN101180909
ruyang,CN101180910
jili,CN101180911
laocheng,CN101180912
xigong,CN101180913
chanhe,CN101180914
jianxi,CN101180915
luolong,CN101180916
shangqiu,CN101181001
liangyuan,CN101181002
suixian,CN101181003
minquan,CN101181004
yucheng,CN101181005
zhecheng,CN101181006
ningling,CN101181007
xiayi,CN101181008
yongcheng,CN101181009
suiyang,CN101181010
jiaozuo,CN101181101
xiuwu,CN101181102
wuzhi,CN101181103
qinyang,CN101181104
jiefang,CN101181105
boai,CN101181106
wenxian,CN101181107
mengzhou,CN101181108
zhongzhan,CN101181109
macun,CN101181110
shanyang,CN101181111
hebi,CN101181201
xunxian,CN101181202
qixian,CN101181203
heshan,CN101181204
shancheng,CN101181205
qibin,CN101181206
puyang,CN101181301
taiqian,CN101181302
nanle,CN101181303
qingfeng,CN101181304
fanxian,CN101181305
hualong,CN101181306
zhoukou,CN101181401
fugou,CN101181402
taikang,CN101181403
huaiyang,CN101181404
xihua,CN101181405
shangshui,CN101181406
xiangcheng,CN101181407
dancheng,CN101181408
luyi,CN101181409
shenqiu,CN101181410
chuanhui,CN101181411
luohe,CN101181501
linying,CN101181502
wuyang,CN101181503
yuanhui,CN101181504
yancheng,CN101181505
zhaoling,CN101181506
zhumadian,CN101181601
xiping,CN101181602
suiping,CN101181603
shangcai,CN101181604
runan,CN101181605
biyang,CN101181606
pingyu,CN101181607
xincai,CN101181608
queshan,CN101181609
zhengyang,CN101181610
yicheng,CN101181611
sanmenxia,CN101181701
lingbao,CN101181702
mianchi,CN101181703
lushi,CN101181704
yima,CN101181705
shanxian,CN101181706
hubin,CN101181707
shanzhou,CN101181708
jiyuan,CN101181801
nanjing,CN101190101
lishui,CN101190102
gaochun,CN101190103
jiangning,CN101190104
luhe,CN101190105
pukou,CN101190107
xuanwu,CN101190108
qinhuai,CN101190109
jianye,CN101190110
gulou,CN101190111
qixia,CN101190112
yuhuatai,CN101190113
wuxi,CN101190201
jiangyin,CN101190202
yixing,CN101190203
xishan,CN101190204
huishan,CN101190205
binhu,CN101190206
liangxi,CN101190207
xinwu,CN101190208
zhenjiang,CN101190301
danyang,CN101190302
yangzhong,CN101190303
jurong,CN101190304
dantu,CN101190305
jingkou,CN101190306
runzhou,CN101190307
suzhou,CN101190401
changshu,CN101190402
zhangjiagang,CN101190403
kunshan,CN101190404
wuzhong,CN101190405
huqiu,CN101190406
wujiang,CN101190407
taicang,CN101190408
xiangcheng,CN101190409
gusu,CN101190410
nantong,CN101190501
haian,CN101190502
rugao,CN101190503
rudong,CN101190504
chongchuan,CN101190505
gangzha,CN101190506
qidong,CN101190507
haimen,CN101190508
tongzhou,CN101190509
yangzhou,CN101190601
baoying,CN101190602
yizheng,CN101190603
gaoyou,CN101190604
jiangdu,CN101190605
hanjiang,CN101190606
guangling,CN101190607
yancheng,CN101190701
xiangshui,CN101190702
binhai,CN101190703
funing,CN101190704
sheyang,CN101190705
jianhu,CN101190706
dongtai,CN101190707
dafeng,CN101190708
yandu,CN101190709
tinghu,CN101190710
xuzhou,CN101190801
tongshan,CN101190802
fengxian,CN101190803
peixian,CN101190804
pizhou,CN101190805
suining,CN101190806
xinyi,CN101190807
gulou,CN101190808
yunlong,CN101190809
jiawang,CN101190810
quanshan,CN101190811
huaian,CN101190901
jinhu,CN101190902
xuyi,CN101190903
hongze,CN101190904
lianshui,CN101190905
huaiyinqu,CN101190906
qinghe,CN101190907
huaianqu,CN101190908
qingpu,CN101190909
lianyungang,CN101191001
donghai,CN101191002
ganyu,CN101191003
guanyun,CN101191004
guannan,CN101191005
haizhou,CN101191006
changzhou,CN101191101
liyang,CN101191102
jintan,CN101191103
wujin,CN101191104
tianning,CN101191105
zhonglou,CN101191106
xinbei,CN101191107
taizhou,CN101191201
xinghua,CN101191202
taixing,CN101191203
jiangyan,CN101191204
jingjiang,CN101191205
hailing,CN101191206
gaogang,CN101191207
suqian,CN101191301
shuyang,CN101191302
siyang,CN101191303
sihong,CN101191304
suyu,CN101191305
sucheng,CN101191306
wuhan,CN101200101
caidian,CN101200102
huangpi,CN101200103
xinzhou,CN101200104
jiangxia,CN101200105
dongxihu,CN101200106
jiangan,CN101200107
jianghan,CN101200108
qiaokou,CN101200109
hanyang,CN101200110
wuchang,CN101200111
qingshan,CN101200112
hongshan,CN101200113
hannan,CN101200114
xiangyang,CN101200201
xiangzhou,CN101200202
baokang,CN101200203
nanzhang,CN101200204
yicheng,CN101200205
laohekou,CN101200206
gucheng,CN101200207
zaoyang,CN101200208
xiangcheng,CN101200209
fancheng,CN101200210
ezhou,CN101200301
liangzihu,CN101200302
huarong,CN101200303
echeng,CN101200304
xiaogan,CN101200401
anlu,CN101200402
yunmeng,CN101200403
dawu,CN101200404
yingcheng,CN101200405
hanchuan,CN101200406
xiaochang,CN101200407
xiaonan,CN101200408
huanggang,CN101200501
hongan,CN101200502
macheng,CN101200503
luotian,CN101200504
yingshan,CN101200505
xishui,CN101200506
qichun,CN101200507
huangmei,CN101200508
wuxue,CN101200509
tuanfeng,CN101200510
huangzhou,CN101200511
huangshi,CN101200601
daye,CN101200602
yangxin,CN101200603
tieshan,CN101200604
xialu,CN101200605
xisaishan,CN101200606
huangshigang,CN101200607
xianning,CN101200701
chibi,CN101200702
jiayu,CN101200703
chongyang,CN101200704
tongcheng,CN101200705
tongshan,CN101200706
xianan,CN101200707
jingzhou,CN101200801
jiangling,CN101200802
gongan,CN101200803
shishou,CN101200804
jianli,CN101200805
honghu,CN101200806
songzi,CN101200807
shashi,CN101200808
yichang,CN101200901
yuanan,CN101200902
zigui,CN101200903
xingshan,CN101200904
xiling,CN101200905
wufeng,CN101200906
dangyang,CN101200907
changyang,CN101200908
yidu,CN101200909
zhijiang,CN101200910
yiling,CN101200912
wujiagang,CN101200913
dianjun,CN101200914
xiaoting,CN101200915
enshi,CN101201001
lichuan,CN101201002
jianshi,CN101201003
xianfeng,CN101201004
xuanen,CN101201005
hefeng,CN101201006
laifeng,CN101201007
badong,CN101201008
shiyan,CN101201101
zhuxi,CN101201102
yunxi,CN101201103
yunyang,CN101201104
zhushan,CN101201105
fangxian,CN101201106
danjiangkou,CN101201107
maojian,CN101201108
zhangwan,CN101201109
shennongjia,CN101201201
suizhou,CN101201301
guangshui,CN101201302
zengdou,CN101201303
suixian,CN101201304
jingmen,CN101201401
zhongxiang,CN101201402
jingshan,CN101201403
duodao,CN101201404
shayang,CN101201405
dongbao,CN101201406
tianmen,CN101201501
xiantao,CN101201601
qianjiang,CN101201701
hangzhou,CN101210101
xiaoshan,CN101210102
tonglu,CN101210103
chunan,CN101210104
jiande,CN101210105
yuhang,CN101210106
linan,CN101210107
fuyang,CN101210108
shangcheng,CN101210109
xiacheng,CN101210110
jianggan,CN101210111
gongshu,CN101210112
xihu,CN101210113
binjiang,CN101210114
huzhou,CN101210201
changxing,CN101210202
anji,CN101210203
deqing,CN101210204
wuxing,CN101210205
nanxun,CN101210206
jiaxing,CN101210301
jiashan,CN101210302
haining,CN101210303
tongxiang,CN101210304
pinghu,CN101210305
haiyan,CN101210306
nanhu,CN101210307
xiuzhou,CN101210308
ningbo,CN101210401
haishu,CN101210402
cixi,CN101210403
yuyao,CN101210404
fenghua,CN101210405
xiangshan,CN101210406
jiangdong,CN101210407
ninghai,CN101210408
jiangbei,CN101210409
beilun,CN101210410
yinzhou,CN101210411
zhenhai,CN101210412
yuecheng,CN101210501
zhuji,CN101210502
shangyu,CN101210503
xinchang,CN101210504
shengzhou,CN101210505
keqiao,CN101210506
shaoxing,CN101210507
taizhou,CN101210601
yuhuan,CN101210603
sanmen,CN101210604
tiantai,CN101210605
xianju,CN101210606
wenling,CN101210607
linhai,CN101210610
jiaojiang,CN101210611
huangyan,CN101210612
luqiao,CN101210613
wenzhou,CN101210701
taishun,CN101210702
wencheng,CN101210703
pingyang,CN101210704
ruian,CN101210705
dongtou,CN101210706
yueqing,CN101210707
yongjia,CN101210708
cangnan,CN101210709
lucheng,CN101210710
longwan,CN101210711
ouhai,CN101210712
lishui,CN101210801
suichang,CN101210802
longquan,CN101210803
jinyun,CN101210804
qingtian,CN101210805
yunhe,CN101210806
qingyuan,CN101210807
songyang,CN101210808
jingning,CN101210809
liandou,CN101210810
jinhua,CN101210901
pujiang,CN101210902
lanxi,CN101210903
yiwu,CN101210904
dongyang,CN101210905
wuyi,CN101210906
yongkang,CN101210907
panan,CN101210908
wucheng,CN101210909
jindong,CN101210910
quzhou,CN101211001
changshan,CN101211002
kaihua,CN101211003
longyou,CN101211004
jiangshan,CN101211005
qujiang,CN101211006
kecheng,CN101211007
zhoushan,CN101211101
shengsi,CN101211102
daishan,CN101211104
putuo,CN101211105
dinghai,CN101211106
hefei,CN101220101
changfeng,CN101220102
feidong,CN101220103
feixi,CN101220104
chaohu,CN101220105
lujiang,CN101220106
yaohai,CN101220107
luyang,CN101220108
shushan,CN101220109
baohe,CN101220110
bengbu,CN101220201
huaiyuan,CN101220202
guzhen,CN101220203
wuhe,CN101220204
longzihu,CN101220205
bangshan,CN101220206
yuhui,CN101220207
huaishang,CN101220208
wuhu,CN101220301
fanyang,CN101220302
wuhuxian,CN101220303
nanling,CN101220304
wuwei,CN101220305
jinghu,CN101220306
yijiang,CN101220307
jiujiang,CN101220308
sanshan,CN101220309
huainan,CN101220401
fengtai,CN101220402
panji,CN101220403
datong,CN101220404
tianjiaan,CN101220405
xiejiaji,CN101220406
bagongshan,CN101220407
shouxian,CN101220408
maanshan,CN101220501
dangtu,CN101220502
hanshan,CN101220503
hexian,CN101220504
huashan,CN101220505
yushan,CN101220506
bowang,CN101220507
anqing,CN101220601
taihu,CN101220603
qianshan,CN101220604
huaining,CN101220605
susong,CN101220606
wangjiang,CN101220607
yuexi,CN101220608
tongcheng,CN101220609
yingjiang,CN101220610
daguan,CN101220611
yixiu,CN101220612
suzhou,CN101220701
dangshan,CN101220702
lingbi,CN101220703
sixian,CN101220704
xiaoxian,CN101220705
yongqiao,CN101220706
fuyang,CN101220801
funan,CN101220802
yingshang,CN101220803
linquan,CN101220804
jieshou,CN101220805
taihe,CN101220806
yingzhou,CN101220807
yingdong,CN101220808
yingquan,CN101220809
bozhou,CN101220901
guoyang,CN101220902
lixin,CN101220903
mengcheng,CN101220904
qiaocheng,CN101220905
huangshan,CN101221001
huangshanqu,CN101221002
tunxi,CN101221003
qimen,CN101221004
yixian,CN101221005
shexian,CN101221006
xiuning,CN101221007
huizhou,CN101221009
chuzhou,CN101221101
fengyang,CN101221102
mingguang,CN101221103
dingyuan,CN101221104
quanjiao,CN101221105
laian,CN101221106
tianchang,CN101221107
langya,CN101221108
nanqiao,CN101221109
huaibei,CN101221201
suixi,CN101221202
duji,CN101221203
xiangshan,CN101221204
lieshan,CN101221205
tongling,CN101221301
tongguan,CN101221302
yian,CN101221303
jiaoqu,CN101221304
zongyang,CN101221305
xuancheng,CN101221401
jingxian,CN101221402
jingde,CN101221403
ningguo,CN101221404
jixi,CN101221405
guangde,CN101221406
langxi,CN101221407
xuanzhou,CN101221408
luan,CN101221501
huoqiu,CN101221502
jinan,CN101221504
jinzhai,CN101221505
huoshan,CN101221506
shucheng,CN101221507
yuan,CN101221508
yeji,CN101221509
chizhou,CN101221701
dongzhi,CN101221702
qingyang,CN101221703
jiuhuashan,CN101221704
shitai,CN101221705
guichi,CN101221706
fuzhou,CN101230101
minqing,CN101230102
minhou,CN101230103
luoyuan,CN101230104
lianjiang,CN101230105
gulou,CN101230106
yongtai,CN101230107
pingtan,CN101230108
taijiang,CN101230109
changle,CN101230110
fuqing,CN101230111
cangshan,CN101230112
mawei,CN101230113
jinan,CN101230114
xiamen,CN101230201
tongan,CN101230202
siming,CN101230203
haicang,CN101230204
huli,CN101230205
jimei,CN101230206
xiangan,CN101230207
ningde,CN101230301
gutian,CN101230302
xiapu,CN101230303
shouning,CN101230304
zhouning,CN101230305
fuan,CN101230306
zherong,CN101230307
fuding,CN101230308
pingnan,CN101230309
jiaocheng,CN101230310
putian,CN101230401
xianyou,CN101230402
hanjiang,CN101230404
xiuyu,CN101230405
licheng,CN101230406
chengxiang,CN101230407
quanzhou,CN101230501
anxi,CN101230502
jinmen,CN101230503
yongchun,CN101230504
dehua,CN101230505
nanan,CN101230506
huian,CN101230508
jinjiang,CN101230509
shishi,CN101230510
licheng,CN101230511
fengze,CN101230512
luojiang,CN101230513
quangang,CN101230514
zhangzhou,CN101230601
changtai,CN101230602
nanjing,CN101230603
pinghe,CN101230604
longhai,CN101230605
zhangpu,CN101230606
zhaoan,CN101230607
dongshan,CN101230608
yunxiao,CN101230609
huaan,CN101230610
xiangcheng,CN101230611
longwen,CN101230612
longyan,CN101230701
changting,CN101230702
liancheng,CN101230703
wuping,CN101230704
shanghang,CN101230705
yongding,CN101230706
zhangping,CN101230707
xinluo,CN101230708
sanming,CN101230801
ninghua,CN101230802
qingliu,CN101230803
taining,CN101230804
jiangle,CN101230805
jianning,CN101230806
mingxi,CN101230807
shaxian,CN101230808
youxi,CN101230809
yongan,CN101230810
datian,CN101230811
meilie,CN101230812
sanyuan,CN101230813
nanping,CN101230901
shunchang,CN101230902
guangze,CN101230903
shaowu,CN101230904
wuyishan,CN101230905
pucheng,CN101230906
jianyang,CN101230907
songxi,CN101230908
zhenghe,CN101230909
jianou,CN101230910
yanping,CN101230911
diaoyudao,CN101231001
nanchang,CN101240101
xinjian,CN101240102
nanchangxian,CN101240103
anyi,CN101240104
jinxian,CN101240105
donghu,CN101240106
xihu,CN101240107
qingyunpu,CN101240108
wanli,CN101240109
qingshanhu,CN101240110
jiujiang,CN101240201
ruichang,CN101240202
lushan,CN101240203
wuning,CN101240204
dean,CN101240205
yongxiu,CN101240206
hukou,CN101240207
pengze,CN101240208
xingzi,CN101240209
duchang,CN101240210
xunyang,CN101240211
xiushui,CN101240212
gongqingcheng,CN101240213
shangrao,CN101240301
poyang,CN101240302
wuyuan,CN101240303
xinzhou,CN101240304
yugan,CN101240305
wannian,CN101240306
dexing,CN101240307
shangraoxian,CN101240308
yiyang,CN101240309
hengfeng,CN101240310
yanshan,CN101240311
yushan,CN101240312
guangfeng,CN101240313
fuzhou,CN101240401
guangchang,CN101240402
anle,CN101240403
chongren,CN101240404
jinxi,CN101240405
zixi,CN101240406
yihuang,CN101240407
nancheng,CN101240408
nanfeng,CN101240409
lichuan,CN101240410
dongxiang,CN101240411
linchuan,CN101240412
yichun,CN101240501
tonggu,CN101240502
yifeng,CN101240503
wanzai,CN101240504
shanggao,CN101240505
jingan,CN101240506
fengxin,CN101240507
gaoan,CN101240508
zhangshu,CN101240509
fengcheng,CN101240510
yuanzhou,CN101240511
jian,CN101240601
jianxian,CN101240602
jishui,CN101240603
xingan,CN101240604
xiajiang,CN101240605
yongfeng,CN101240606
yongxin,CN101240607
jinggangshan,CN101240608
wanan,CN101240609
suichuan,CN101240610
taihe,CN101240611
anfu,CN101240612
jizhou,CN101240614
qingyuan,CN101240615
ganzhou,CN101240701
chongyi,CN101240702
shangyou,CN101240703
nankang,CN101240704
dayu,CN101240705
xinfeng,CN101240706
ningdu,CN101240707
shicheng,CN101240708
ruijin,CN101240709
yudu,CN101240710
huichang,CN101240711
anyuan,CN101240712
quannan,CN101240713
longnan,CN101240714
dingnan,CN101240715
xunwu,CN101240716
xingguo,CN101240717
ganxian,CN101240718
zhanggong,CN101240719
jingdezhen,CN101240801
leping,CN101240802
fuliang,CN101240803
changjiang,CN101240804
zhushan,CN101240805
pingxiang,CN101240901
lianhua,CN101240902
shangli,CN101240903
anyuan,CN101240904
luxi,CN101240905
xiangdong,CN101240906
xinyu,CN101241001
fenyi,CN101241002
yushui,CN101241003
yingtan,CN101241101
yujiang,CN101241102
guixi,CN101241103
yuehu,CN101241104
changsha,CN101250101
ningxiang,CN101250102
liuyang,CN101250103
xiangjiangxinqu,CN101250104
wangcheng,CN101250105
changshaxian,CN101250106
furong,CN101250107
tianxin,CN101250108
yuelu,CN101250109
kaifu,CN101250110
yuhua,CN101250111
xiangtan,CN101250201
shaoshan,CN101250202
xiangxiang,CN101250203
yuhu,CN101250204
yuetang,CN101250205
zhuzhou,CN101250301
youxian,CN101250302
liling,CN101250303
hetang,CN101250304
chaling,CN101250305
yanling,CN101250306
lusong,CN101250307
shifeng,CN101250308
tianyuan,CN101250309
hengyang,CN101250401
hengshan,CN101250402
hengdong,CN101250403
qidong,CN101250404
hengyangxian,CN101250405
changning,CN101250406
hengnan,CN101250407
leiyang,CN101250408
nanyue,CN101250409
zhuhui,CN101250410
yanfeng,CN101250411
shigu,CN101250412
zhengxiang,CN101250413
chenzhou,CN101250501
guiyang,CN101250502
jiahe,CN101250503
yizhang,CN101250504
linwu,CN101250505
beihu,CN101250506
zixing,CN101250507
rucheng,CN101250508
anren,CN101250509
yongxing,CN101250510
guidong,CN101250511
suxian,CN101250512
changde,CN101250601
anxiang,CN101250602
taoyuan,CN101250603
hanshou,CN101250604
lixian,CN101250605
linli,CN101250606
shimen,CN101250607
jinshi,CN101250608
wuling,CN101250609
dingcheng,CN101250610
yiyang,CN101250700
heshanqu,CN101250701
nanxian,CN101250702
taojiang,CN101250703
anhua,CN101250704
yuanjiang,CN101250705
ziyang,CN101250706
loudi,CN101250801
shuangfeng,CN101250802
lengshuijiang,CN101250803
louxing,CN101250804
xinhua,CN101250805
lianyuan,CN101250806
shaoyang,CN101250901
longhui,CN101250902
dongkou,CN101250903
xinshao,CN101250904
shaodong,CN101250905
suining,CN101250906
xinning,CN101250907
wugang,CN101250908
chengbu,CN101250909
shaoyangxian,CN101250910
shuangqing,CN101250911
daxiang,CN101250912
beita,CN101250913
yueyang,CN101251001
huarong,CN101251002
xiangyin,CN101251003
miluo,CN101251004
pingjiang,CN101251005
linxiang,CN101251006
yueyanglouqu,CN101251007
yunxi,CN101251008
junshan,CN101251009
zhangjiajie,CN101251101
sangzhi,CN101251102
cili,CN101251103
wulingyuan,CN101251104
yongding,CN101251105
huaihua,CN101251201
hecheng,CN101251202
yuanling,CN101251203
chenxi,CN101251204
jingzhou,CN101251205
huitong,CN101251206
tongdao,CN101251207
mayang,CN101251208
xinhuang,CN101251209
zhijiang,CN101251210
xupu,CN101251211
zhongfang,CN101251212
hongjiang,CN101251213
yongzhou,CN101251401
qiyang,CN101251402
dongan,CN101251403
shuangpai,CN101251404
daoxian,CN101251405
ningyuan,CN101251406
jiangyong,CN101251407
lanshan,CN101251408
xintian,CN101251409
jianghua,CN101251410
lengshuitan,CN101251411
lingling,CN101251412
jishou,CN101251501
baojing,CN101251502
yongshun,CN101251503
guzhang,CN101251504
fenghuang,CN101251505
luxi,CN101251506
longshan,CN101251507
huayuan,CN101251508
xiangxi,CN101251509
guiyang,CN101260101
baiyun,CN101260102
huaxi,CN101260103
wudang,CN101260104
xifeng,CN101260105
kaiyang,CN101260106
xiuwen,CN101260107
qingzhen,CN101260108
yunyan,CN101260110
nanming,CN101260111
guanshanhu,CN101260112
zunyi,CN101260201
zunyixian,CN101260202
renhuai,CN101260203
suiyang,CN101260204
meitan,CN101260205
fenggang,CN101260206
tongzi,CN101260207
chishui,CN101260208
xishui,CN101260209
daozhen,CN101260210
zhengan,CN101260211
wuchuan,CN101260212
yuqing,CN101260213
huichuan,CN101260214
honghuagang,CN101260215
bozhou,CN101260216
anshun,CN101260301
puding,CN101260302
zhenning,CN101260303
pingba,CN101260304
ziyun,CN101260305
guanling,CN101260306
xixiu,CN101260307
duyun,CN101260401
guiding,CN101260402
wengan,CN101260403
changshun,CN101260404
fuquan,CN101260405
huishui,CN101260406
longli,CN101260407
luodian,CN101260408
pingtang,CN101260409
dushan,CN101260410
sandu,CN101260411
libo,CN101260412
qiannan,CN101260413
kaili,CN101260501
cengong,CN101260502
shibing,CN101260503
zhenyuan,CN101260504
huangping,CN101260505
qiandongnan,CN101260506
majiang,CN101260507
danzhai,CN101260508
sansui,CN101260509
taijiang,CN101260510
jianhe,CN101260511
leishan,CN101260512
liping,CN101260513
tianzhu,CN101260514
jinping,CN101260515
rongjiang,CN101260516
congjiang,CN101260517
tongren,CN101260601
jiangkou,CN101260602
yuping,CN101260603
wanshan,CN101260604
sinan,CN101260605
bijiang,CN101260606
yinjiang,CN101260607
shiqian,CN101260608
yanhe,CN101260609
dejiang,CN101260610
songtao,CN101260611
bijie,CN101260701
hezhang,CN101260702
jinsha,CN101260703
weining,CN101260704
dafang,CN101260705
nayong,CN101260706
zhijin,CN101260707
qianxi,CN101260708
qixingguan,CN101260709
shuicheng,CN101260801
liuzhi,CN101260802
liupanshui,CN101260803
panxian,CN101260804
zhongshan,CN101260805
xingyi,CN101260901
qinglong,CN101260902
xingren,CN101260903
zhenfeng,CN101260904
wangmo,CN101260905
qianxinan,CN101260906
anlong,CN101260907
ceheng,CN101260908
puan,CN101260909
chengdu,CN101270101
longquanyi,CN101270102
xindu,CN101270103
wenjiang,CN101270104
jintang,CN101270105
shuangliu,CN101270106
pixian,CN101270107
dayi,CN101270108
pujiang,CN101270109
xinjin,CN101270110
dujiangyan,CN101270111
pengzhou,CN101270112
qionglai,CN101270113
chongzhou,CN101270114
qingbaijiang,CN101270115
jinjiang,CN101270116
qingyang,CN101270117
jinniu,CN101270118
wuhou,CN101270119
chenghua,CN101270120
jianyang,CN101270121
panzhihua,CN101270201
renhe,CN101270202
miyi,CN101270203
yanbian,CN101270204
dongqu,CN101270205
xiqu,CN101270206
zigong,CN101270301
fushun,CN101270302
rongxian,CN101270303
ziliujing,CN101270304
gongjing,CN101270305
daan,CN101270306
yantan,CN101270307
mianyang,CN101270401
santai,CN101270402
yanting,CN101270403
anxian,CN101270404
zitong,CN101270405
beichuan,CN101270406
pingwu,CN101270407
jiangyou,CN101270408
fucheng,CN101270409
youxian,CN101270410
anzhou,CN101270411
nanchong,CN101270501
nanbu,CN101270502
yingshan,CN101270503
pengan,CN101270504
yilong,CN101270505
xichong,CN101270506
langzhong,CN101270507
shunqing,CN101270508
gaoping,CN101270509
jialing,CN101270510
dazhou,CN101270601
xuanhan,CN101270602
kaijiang,CN101270603
dazhu,CN101270604
quxian,CN101270605
wanyuan,CN101270606
tongchuan,CN101270607
dachuan,CN101270608
suining,CN101270701
pengxi,CN101270702
shehong,CN101270703
chuanshan,CN101270704
anju,CN101270705
daying,CN101270706
guangan,CN101270801
yuechi,CN101270802
wusheng,CN101270803
linshui,CN101270804
huaying,CN101270805
qianfeng,CN101270806
bazhong,CN101270901
tongjiang,CN101270902
nanjiang,CN101270903
pingchang,CN101270904
bazhou,CN101270905
enyang,CN101270906
luzhou,CN101271001
jiangyang,CN101271002
luxian,CN101271003
hejiang,CN101271004
xuyong,CN101271005
gulin,CN101271006
naxi,CN101271007
longmatan,CN101271008
yibin,CN101271101
cuiping,CN101271102
yibinxian,CN101271103
nanxi,CN101271104
jiangan,CN101271105
changning,CN101271106
gaoxian,CN101271107
gongxian,CN101271108
junlian,CN101271109
xingwen,CN101271110
pingshan,CN101271111
neijiang,CN101271201
dongxing,CN101271202
weiyuan,CN101271203
zizhong,CN101271204
longchang,CN101271205
shizhong,CN101271206
ziyang,CN101271301
anyue,CN101271302
lezhi,CN101271303
yanjiang,CN101271305
leshan,CN101271401
qianwei,CN101271402
jingyan,CN101271403
jiajiang,CN101271404
muchuan,CN101271405
ebian,CN101271406
mabian,CN101271407
emeishan,CN101271409
shizhong,CN101271410
shawan,CN101271411
wutongqiao,CN101271412
jinkouhe,CN101271413
meishan,CN101271501
renshou,CN101271502
pengshan,CN101271503
hongya,CN101271504
danleng,CN101271505
qingshen,CN101271506
dongpo,CN101271507
liangshan,CN101271601
muli,CN101271603
yanyuan,CN101271604
dechang,CN101271605
huili,CN101271606
huidong,CN101271607
ningnan,CN101271608
puge,CN101271609
xichang,CN101271610
jinyang,CN101271611
zhaojue,CN101271612
xide,CN101271613
mianning,CN101271614
yuexi,CN101271615
ganluo,CN101271616
leibo,CN101271617
meigu,CN101271618
butuo,CN101271619
yaan,CN101271701
mingshan,CN101271702
yingjing,CN101271703
hanyuan,CN101271704
shimian,CN101271705
tianquan,CN101271706
lushan,CN101271707
baoxing,CN101271708
yucheng,CN101271709
ganzi,CN101271801
kangding,CN101271802
luding,CN101271803
danba,CN101271804
jiulong,CN101271805
yajiang,CN101271806
daofu,CN101271807
luhuo,CN101271808
xinlong,CN101271809
dege,CN101271810
baiyu,CN101271811
shiqu,CN101271812
seda,CN101271813
litang,CN101271814
batang,CN101271815
xiangcheng,CN101271816
daocheng,CN101271817
derong,CN101271818
aba,CN101271901
wenchuan,CN101271902
lixian,CN101271903
maoxian,CN101271904
songfan,CN101271905
jiuzhaigou,CN101271906
jinchuan,CN101271907
xiaojin,CN101271908
heishui,CN101271909
maerkang,CN101271910
rangtang,CN101271911
nuoergai,CN101271912
hongyuan,CN101271913
deyang,CN101272001
zhongjiang,CN101272002
guanghan,CN101272003
shifang,CN101272004
mianzhu,CN101272005
luojiang,CN101272006
jingyang,CN101272007
guangyuan,CN101272101
wangcang,CN101272102
qingchuan,CN101272103
jiange,CN101272104
cangxi,CN101272105
lizhou,CN101272106
zhaohua,CN101272107
chaotian,CN101272108
guangzhou,CN101280101
panyu,CN101280102
conghua,CN101280103
zengcheng,CN101280104
huadu,CN101280105
liwan,CN101280106
yuexiu,CN101280107
haizhu,CN101280108
tianhe,CN101280109
baiyun,CN101280110
huangpu,CN101280111
nansha,CN101280112
shaoguan,CN101280201
ruyuan,CN101280202
shixing,CN101280203
wengyuan,CN101280204
lechang,CN101280205
renhua,CN101280206
nanxiong,CN101280207
xinfeng,CN101280208
qujiang,CN101280209
zhenjiang,CN101280210
wujiang,CN101280211
huizhou,CN101280301
boluo,CN101280302
huiyang,CN101280303
huidong,CN101280304
longmen,CN101280305
huicheng,CN101280306
meizhou,CN101280401
xingning,CN101280402
jiaoling,CN101280403
dabu,CN101280404
meijiang,CN101280405
fengshun,CN101280406
pingyuan,CN101280407
wuhua,CN101280408
meixian,CN101280409
shantou,CN101280501
chaoyang,CN101280502
chenghai,CN101280503
nanao,CN101280504
longhu,CN101280505
jinping,CN101280506
haojiang,CN101280507
chaonan,CN101280508
shenzhen,CN101280601
luohu,CN101280602
futian,CN101280603
nanshan,CN101280604
baoan,CN101280605
longgang,CN101280606
yantian,CN101280607
zhuhai,CN101280701
doumen,CN101280702
jinwan,CN101280703
xiangzhou,CN101280704
foshan,CN101280800
shunde,CN101280801
sanshui,CN101280802
nanhai,CN101280803
gaoming,CN101280804
chancheng,CN101280805
zhaoqing,CN101280901
guangning,CN101280902
sihui,CN101280903
duanzhou,CN101280904
deqing,CN101280905
huaiji,CN101280906
fengkai,CN101280907
gaoyao,CN101280908
dinghu,CN101280909
zhanjiang,CN101281001
wuchuan,CN101281002
leizhou,CN101281003
xuwen,CN101281004
lianjiang,CN101281005
chikan,CN101281006
suixi,CN101281007
potou,CN101281008
xiashan,CN101281009
mazhang,CN101281010
jiangmen,CN101281101
kaiping,CN101281103
xinhui,CN101281104
enping,CN101281105
taishan,CN101281106
pengjiang,CN101281107
heshan,CN101281108
jianghai,CN101281109
heyuan,CN101281201
zijin,CN101281202
lianping,CN101281203
heping,CN101281204
longchuan,CN101281205
dongyuan,CN101281206
yuancheng,CN101281207
qingyuan,CN101281301
liannan,CN101281302
lianzhou,CN101281303
lianshan,CN101281304
yangshan,CN101281305
fogang,CN101281306
yingde,CN101281307
qingxin,CN101281308
qingcheng,CN101281309
yunfu,CN101281401
luoding,CN101281402
xinxing,CN101281403
yunan,CN101281404
yuncheng,CN101281405
yunan,CN101281406
chaozhou,CN101281501
raoping,CN101281502
chaoan,CN101281503
xiangqiao,CN101281504
dongguan,CN101281601
zhongshan,CN101281701
yangjiang,CN101281801
yangchun,CN101281802
yangdong,CN101281803
yangxi,CN101281804
jiangcheng,CN101281805
jieyang,CN101281901
jiexi,CN101281902
puning,CN101281903
huilai,CN101281904
jiedong,CN101281905
rongcheng,CN101281906
maoming,CN101282001
gaozhou,CN101282002
huazhou,CN101282003
dianbai,CN101282004
xinyi,CN101282005
maonan,CN101282007
shanwei,CN101282101
haifeng,CN101282102
lufeng,CN101282103
luhe,CN101282104
kunming,CN101290101
wuhua,CN101290102
dongchuan,CN101290103
xundian,CN101290104
jinning,CN101290105
yiliang,CN101290106
shilin,CN101290107
chenggong,CN101290108
fumin,CN101290109
songming,CN101290110
luquan,CN101290111
anning,CN101290112
panlong,CN101290114
guandu,CN101290115
xishan,CN101290116
dali,CN101290201
yunlong,CN101290202
yangbi,CN101290203
yongping,CN101290204
binchuan,CN101290205
midu,CN101290206
xiangyun,CN101290207
weishan,CN101290208
jianchuan,CN101290209
eryuan,CN101290210
heqing,CN101290211
nanjian,CN101290212
honghe,CN101290301
shiping,CN101290302
jianshui,CN101290303
mile,CN101290304
yuanyang,CN101290305
lvchun,CN101290306
kaiyuan,CN101290307
gejiu,CN101290308
mengzi,CN101290309
pingbian,CN101290310
luxi,CN101290311
jinping,CN101290312
hekou,CN101290313
qujing,CN101290401
zhanyi,CN101290402
luliang,CN101290403
fuyuan,CN101290404
malong,CN101290405
shizong,CN101290406
luoping,CN101290407
huize,CN101290408
xuanwei,CN101290409
qilin,CN101290410
baoshan,CN101290501
longyang,CN101290502
longling,CN101290503
sidian,CN101290504
changning,CN101290505
tengchong,CN101290506
wenshan,CN101290601
xichou,CN101290602
maguan,CN101290603
malipo,CN101290604
yanshan,CN101290605
qiubei,CN101290606
guangnan,CN101290607
funing,CN101290608
yuxi,CN101290701
chengjiang,CN101290702
jiangchuan,CN101290703
tonghai,CN101290704
huaning,CN101290705
xinping,CN101290706
yimen,CN101290707
eshan,CN101290708
yuanjiang,CN101290709
hongta,CN101290710
chuxiong,CN101290801
dayao,CN101290802
yuanmou,CN101290803
yaoan,CN101290804
mouding,CN101290805
nanhua,CN101290806
wuding,CN101290807
lufeng,CN101290808
shuangbai,CN101290809
yongren,CN101290810
puer,CN101290901
jinggu,CN101290902
jingdong,CN101290903
lancang,CN101290904
simao,CN101290905
mojiang,CN101290906
jiangcheng,CN101290907
menglian,CN101290908
ximeng,CN101290909
zhenyuan,CN101290911
ninger,CN101290912
zhaotong,CN101291001
ludian,CN101291002
yiliang,CN101291003
zhenxiong,CN101291004
weixin,CN101291005
qiaojia,CN101291006
suijiang,CN101291007
yongshan,CN101291008
yanjin,CN101291009
daguan,CN101291010
shuifu,CN101291011
zhaoyang,CN101291012
lincang,CN101291101
cangyuan,CN101291102
gengma,CN101291103
shuangjiang,CN101291104
fengqing,CN101291105
yongde,CN101291106
yunxian,CN101291107
zhenkang,CN101291108
linxiang,CN101291109
nujiang,CN101291201
fugong,CN101291203
lanping,CN101291204
lushui,CN101291205
gongshan,CN101291207
xianggelila,CN101291301
deqin,CN101291302
weixi,CN101291303
diqing,CN101291305
lijiang,CN101291401
yongsheng,CN101291402
huaping,CN101291403
ninglang,CN101291404
gucheng,CN101291405
yulong,CN101291406
dehong,CN101291501
longchuan,CN101291503
yingjiang,CN101291504
ruili,CN101291506
lianghe,CN101291507
mangshi,CN101291508
jinghong,CN101291601
xishuangbanna,CN101291602
menghai,CN101291603
mengla,CN101291605
nanning,CN101300101
xingning,CN101300102
yongning,CN101300103
hengxian,CN101300104
longan,CN101300105
mashan,CN101300106
shanglin,CN101300107
wuming,CN101300108
binyang,CN101300109
qingxiu,CN101300110
jiangnan,CN101300111
xixiangtang,CN101300112
liangqing,CN101300113
chongzuo,CN101300201
tiandeng,CN101300202
longzhou,CN101300203
pingxiang,CN101300204
daxin,CN101300205
fusui,CN101300206
ningming,CN101300207
jiangzhou,CN101300208
liuzhou,CN101300301
liucheng,CN101300302
chengzhong,CN101300303
luzhai,CN101300304
liujiang,CN101300305
rongan,CN101300306
rongshui,CN101300307
sanjiang,CN101300308
yufeng,CN101300309
liunan,CN101300310
liubei,CN101300311
laibin,CN101300401
xicheng,CN101300402
jinxiu,CN101300403
xiangzhou,CN101300404
wuxuan,CN101300405
heshan,CN101300406
xingbin,CN101300407
guilin,CN101300501
xiufeng,CN101300502
longsheng,CN101300503
yongfu,CN101300504
lingui,CN101300505
xingan,CN101300506
lingchuan,CN101300507
quanzhou,CN101300508
guanyang,CN101300509
yangshuo,CN101300510
gongcheng,CN101300511
pingle,CN101300512
lipu,CN101300513
ziyuan,CN101300514
diecai,CN101300515
xiangshan,CN101300516
qixing,CN101300517
yanshan,CN101300518
wuzhou,CN101300601
tengxian,CN101300602
wanxiu,CN101300603
cangwu,CN101300604
mengshan,CN101300605
cenxi,CN101300606
changzhou,CN101300607
longwei,CN101300608
hezhou,CN101300701
zhaoping,CN101300702
fuchuan,CN101300703
zhongshan,CN101300704
babu,CN101300705
pinggui,CN101300706
guigang,CN101300801
guiping,CN101300802
pingnan,CN101300803
gangbei,CN101300804
gangnan,CN101300805
tantang,CN101300806
yulin,CN101300901
bobai,CN101300902
beiliu,CN101300903
rongxian,CN101300904
luchuan,CN101300905
xingye,CN101300906
yuzhou,CN101300907
fumian,CN101300908
baise,CN101301001
napo,CN101301002
tianyang,CN101301003
debao,CN101301004
jingxi,CN101301005
tiandong,CN101301006
pingguo,CN101301007
longlin,CN101301008
xilin,CN101301009
leye,CN101301010
lingyun,CN101301011
tianlin,CN101301012
youjiang,CN101301013
qinzhou,CN101301101
pubei,CN101301102
lingshan,CN101301103
qinnan,CN101301104
qinbei,CN101301105
hechi,CN101301201
tiane,CN101301202
donglan,CN101301203
bama,CN101301204
huanjiang,CN101301205
luocheng,CN101301206
yizhou,CN101301207
fengshan,CN101301208
nandan,CN101301209
andu,CN101301210
dahua,CN101301211
jinchengjiang,CN101301212
beihai,CN101301301
hepu,CN101301302
haicheng,CN101301304
yinhai,CN101301305
tieshangang,CN101301306
fangchenggang,CN101301401
shangsi,CN101301402
dongxing,CN101301403
gangkou,CN101301404
fangcheng,CN101301405
haikou,CN101310101
xiuying,CN101310102
longhua,CN101310103
qiongshan,CN101310104
meilan,CN101310105
sanya,CN101310201
dongfang,CN101310202
lingao,CN101310203
chengmai,CN101310204
danzhou,CN101310205
changjiang,CN101310206
baisha,CN101310207
qiongzhong,CN101310208
dingan,CN101310209
tunchang,CN101310210
qionghai,CN101310211
wenchang,CN101310212
haitang,CN101310213
baoting,CN101310214
wanning,CN101310215
lingshui,CN101310216
jiyang,CN101310218
tianya,CN101310219
ledong,CN101310221
wuzhishan,CN101310222
yazhou,CN101310223
sansha,CN101310301
xisha,CN101310302
zhongsha,CN101310303
nansha,CN101310304
hongkong,CN101320101
jiulong,CN101320102
xinjie,CN101320103
macao,CN101330101
dangzidao,CN101330102
luhuandao,CN101330103
taibeixian,CN101340101
taoyuan,CN101340102
xinzhu,CN101340103
yilan,CN101340104
gaoxiong,CN101340201
jiayi,CN101340202
tainan,CN101340203
taidong,CN101340204
pingdong,CN101340205
taizhong,CN101340401
miaoli,CN101340402
zhanghua,CN101340403
nantou,CN101340404
hualian,CN101340405
yunlin,CN101340406
